特征ID,词汇
0,00
1,000
2,01
3,02
4,03
5,04
6,05
7,06
8,07
9,08
10,09
11,0d
12,0el
13,0g
14,0i
15,0q
16,0t
17,10
18,100
19,1000
20,101
21,102
22,104
23,105
24,109
25,11
26,110
27,12
28,120
29,1200
30,125
31,127
32,128
33,129
34,13
35,130
36,132
37,14
38,140
39,141
40,144
41,145
42,146
43,147
44,15
45,150
46,16
47,160
48,17
49,18
50,19
51,1915
52,1919
53,192
54,1920
55,1967
56,1975
57,1980
58,1982
59,1983
60,1984
61,1985
62,1986
63,1987
64,1988
65,1989
66,1990
67,1991
68,1992
69,1993
70,1993apr14
71,1993apr15
72,1993apr16
73,1993apr17
74,1993apr18
75,1993apr19
76,1993apr20
77,1993apr21
78,1993apr22
79,1993apr23
80,1993apr26
81,1993apr5
82,1d
83,1d9
84,1f
85,1m
86,1st
87,1t
88,20
89,200
90,2000
91,202
92,205
93,206
94,21
95,212
96,214
97,215
98,216
99,22
100,220
101,225
102,23
103,24
104,240
105,2400
106,24e
107,25
108,250
109,255
110,256
111,26
112,27
113,275
114,28
115,286
116,29
117,2d
118,2di
119,2nd
120,2pl
121,2q
122,2tm
123,30
124,300
125,3000
126,301
127,303
128,31
129,310
130,313
131,32
132,32bis
133,33
134,333
135,34
136,34u
137,35
138,350
139,36
140,37
141,38
142,386
143,39
144,3b
145,3d
146,3dy
147,3l
148,3rd
149,3t
150,40
151,400
152,4000
153,408
154,41
155,415
156,416
157,42
158,43
159,44
160,45
161,46
162,47
163,48
164,486
165,49
166,4e
167,4t
168,4th
169,4u
170,50
171,500
172,5000
173,508
174,51
175,510
176,512
177,52
178,53
179,54
180,55
181,56
182,57
183,58
184,59
185,5u
186,60
187,600
188,6000
189,602
190,604
191,61
192,617
193,62
194,63
195,64
196,65
197,650
198,66
199,67
200,68
201,69
202,6e
203,6ei
204,6g
205,6p
206,6t
207,6um
208,70
209,700
210,703
211,708
212,71
213,713
214,714
215,72
216,73
217,74
218,75
219,750
220,75u
221,76
222,77
223,78
224,79
225,7ey
226,7kn
227,7u
228,80
229,800
230,805
231,81
232,82
233,83
234,84
235,85
236,86
237,87
238,88
239,89
240,90
241,900
242,908
243,91
244,919
245,92
246,93
247,94
248,95
249,96
250,97
251,98
252,99
253,9f
254,9v
255,__
256,___
257,____
258,_____
259,______
260,_______
261,_o
262,_the
263,a4
264,a7
265,a86
266,aaron
267,ab
268,abc
269,ability
270,able
271,abortion
272,about
273,above
274,absolute
275,absolutely
276,absurd
277,abuse
278,ac
279,academic
280,acc
281,accelerator
282,accept
283,acceptable
284,accepted
285,access
286,accident
287,according
288,account
289,accounts
290,accuracy
291,accurate
292,achieve
293,acid
294,acm
295,acns
296,acquired
297,across
298,acs
299,acsu
300,act
301,acting
302,action
303,actions
304,active
305,activism
306,activities
307,activity
308,acts
309,actual
310,actually
311,ad
312,adam
313,adams
314,adaptec
315,adapter
316,add
317,added
318,adding
319,addition
320,additional
321,address
322,addresses
323,adl
324,admin
325,administration
326,administrator
327,admit
328,adobe
329,ads
330,adult
331,adults
332,advance
333,advanced
334,advantage
335,advertising
336,advice
337,advocacy
338,af
339,affect
340,affected
341,afford
342,afraid
343,africa
344,african
345,after
346,again
347,against
348,agate
349,age
350,agencies
351,agency
352,agenda
353,agent
354,agents
355,ago
356,agree
357,agreed
358,agreement
359,ah
360,ahead
361,ahl
362,ai
363,aid
364,aids
365,ain
366,air
367,aircraft
368,aix
369,aka
370,al
371,alan
372,alaska
373,albert
374,alchemy
375,alcohol
376,alexander
377,alexia
378,algorithm
379,algorithms
380,alien
381,alive
382,all
383,alleged
384,allen
385,allocation
386,allow
387,allowed
388,allowing
389,allows
390,almost
391,alone
392,along
393,alot
394,alpha
395,already
396,also
397,alt
398,alternative
399,although
400,always
401,am
402,ama
403,amateur
404,amazing
405,amdahl
406,amendment
407,america
408,american
409,americans
410,ames
411,amiga
412,among
413,amount
414,amounts
415,amp
416,an
417,analog
418,analogy
419,analysis
420,anatolia
421,ancient
422,and
423,anderson
424,andrew
425,andy
426,angeles
427,angels
428,anger
429,angle
430,animal
431,animals
432,animation
433,ann
434,announce
435,announced
436,announcement
437,annual
438,anonymous
439,another
440,ans
441,ansi
442,answer
443,answered
444,answers
445,antenna
446,anthony
447,anti
448,antique
449,any
450,anybody
451,anymore
452,anyone
453,anything
454,anyway
455,anywhere
456,ap
457,apart
458,apartment
459,apc
460,apollo
461,app
462,apparent
463,apparently
464,appeal
465,appear
466,appearance
467,appeared
468,appears
469,apple
470,application
471,applications
472,applied
473,applies
474,apply
475,appreciate
476,appreciated
477,appressian
478,approach
479,appropriate
480,approved
481,approximately
482,apps
483,apr
484,april
485,ar
486,arab
487,arabic
488,arabs
489,arc
490,archie
491,archive
492,archives
493,are
494,area
495,areas
496,aren
497,arena
498,argic
499,argue
500,arguing
501,argument
502,arguments
503,ariel
504,arithmetic
505,arizona
506,arm
507,armed
508,armenia
509,armenian
510,armenians
511,arms
512,army
513,around
514,array
515,arrived
516,arromdee
517,art
518,arthur
519,article
520,articles
521,artificial
522,arts
523,as
524,ascii
525,asd
526,aside
527,ask
528,asked
529,asking
530,asks
531,aspect
532,aspects
533,ass
534,assault
535,assembly
536,assert
537,assertion
538,assistance
539,associate
540,associated
541,association
542,assume
543,assumed
544,assuming
545,assumption
546,assumptions
547,astro
548,astronomy
549,asuvax
550,at
551,atari
552,atf
553,atheism
554,atheist
555,atheists
556,athena
557,athens
558,athos
559,ati
560,atlanta
561,atlantic
562,atmosphere
563,atomic
564,att
565,attached
566,attack
567,attacked
568,attacking
569,attacks
570,attempt
571,attempted
572,attempting
573,attempts
574,attention
575,attitude
576,attorney
577,attributed
578,au
579,audio
580,august
581,aurora
582,austin
583,australia
584,author
585,authorities
586,authority
587,authors
588,auto
589,automatic
590,automatically
591,autos
592,availability
593,available
594,ave
595,avenue
596,average
597,avoid
598,award
599,aware
600,away
601,awful
602,ax
603,azerbaijan
604,azerbaijani
605,azerbaijanis
606,azeri
607,azeris
608,b6
609,b8
610,b8f
611,b9r
612,ba
613,baalke
614,baby
615,back
616,background
617,backup
618,bad
619,badly
620,bag
621,baker
622,baku
623,balance
624,balcony
625,ball
626,balls
627,baltimore
628,ban
629,band
630,bank
631,banks
632,bar
633,barr
634,barry
635,base
636,baseball
637,based
638,bases
639,basic
640,basically
641,basis
642,bat
643,batcomputer
644,batf
645,batman
646,batteries
647,battery
648,battle
649,baud
650,bay
651,bb3
652,bbn
653,bbs
654,bc
655,bd
656,be
657,beach
658,bear
659,bears
660,beat
661,beating
662,beautiful
663,became
664,because
665,become
666,becomes
667,becoming
668,bed
669,bedfellow
670,been
671,beer
672,before
673,began
674,begin
675,beginning
676,begins
677,behanna
678,behavior
679,behaviour
680,behind
681,being
682,beings
683,belief
684,beliefs
685,believe
686,believed
687,believers
688,believes
689,believing
690,bell
691,bellcore
692,belong
693,below
694,belt
695,benefit
696,benefits
697,berkeley
698,berlin
699,besides
700,best
701,bet
702,beta
703,better
704,between
705,beyond
706,bh
707,bhj
708,bi
709,bible
710,biblical
711,big
712,bigger
713,biggest
714,bike
715,bikes
716,bill
717,billion
718,bin
719,binaries
720,binary
721,bio
722,biology
723,bios
724,birth
725,bit
726,bitmap
727,bitnet
728,bits
729,biz
730,bj
731,bl
732,black
733,blah
734,blame
735,blind
736,block
737,blocks
738,blood
739,blow
740,blue
741,blues
742,bmp
743,bmw
744,bnr
745,bnrgate
746,board
747,boards
748,bob
749,bobby
750,bodies
751,body
752,boeing
753,bogus
754,bomb
755,bony1
756,book
757,books
758,boost
759,boot
760,border
761,borders
762,born
763,bos
764,bosna
765,bosnia
766,bosnian
767,boston
768,both
769,bother
770,bottom
771,bought
772,boulder
773,bounce
774,bound
775,box
776,boxes
777,boy
778,boys
779,bps
780,br
781,brad
782,bradley
783,brain
784,brake
785,brakes
786,branch
787,brand
788,brandeis
789,braves
790,break
791,breaking
792,brent
793,brett
794,brian
795,brief
796,bright
797,bring
798,britain
799,british
800,broad
801,broadcast
802,broke
803,broken
804,brother
805,brothers
806,brought
807,brown
808,bruce
809,bruins
810,bs
811,btw
812,bu
813,budget
814,buf
815,buffalo
816,buffer
817,bug
818,bugs
819,build
820,building
821,buildings
822,built
823,bull
824,bulletin
825,bullets
826,bullock
827,bunch
828,burn
829,burned
830,burning
831,burst
832,bus
833,bush
834,business
835,busy
836,but
837,button
838,buy
839,buying
840,bxn
841,by
842,byte
843,bytes
844,byu
845,c8
846,c8v
847,ca
848,cable
849,cables
850,cache
851,cactus
852,cad
853,caen
854,cage
855,cal
856,calgary
857,california
858,call
859,called
860,calling
861,callison
862,calls
863,calm
864,calpoly
865,caltech
866,cam
867,cambridge
868,came
869,camera
870,camp
871,campaign
872,campus
873,can
874,canada
875,canadian
876,cancer
877,candida
878,candidates
879,cannot
880,canon
881,cantaloupe
882,capabilities
883,capability
884,capable
885,capacity
886,capital
887,caps
888,captain
889,capture
890,car
891,card
892,cards
893,care
894,career
895,careful
896,carefully
897,cares
898,carl
899,carleton
900,carried
901,carry
902,carrying
903,cars
904,carson
905,carter
906,case
907,cases
908,cash
909,cat
910,catalog
911,catch
912,category
913,catholic
914,catholics
915,caught
916,cause
917,caused
918,causes
919,causing
920,cb
921,cc
922,cco
923,ccs
924,cd
925,cdc
926,cdrom
927,cdt
928,cell
929,cellar
930,cells
931,cellular
932,center
933,centerline
934,centers
935,central
936,centre
937,centris
938,centuries
939,century
940,certain
941,certainly
942,cf
943,ch
944,chain
945,challenge
946,champions
947,chance
948,chances
949,change
950,changed
951,changes
952,changing
953,channel
954,channels
955,chapter
956,char
957,character
958,characters
959,charge
960,charges
961,charles
962,charter
963,cheap
964,cheaper
965,check
966,checked
967,checking
968,checks
969,cheers
970,chem
971,chemical
972,chemistry
973,chi
974,chicago
975,chief
976,child
977,children
978,chinese
979,chip
980,chips
981,choice
982,choices
983,choose
984,chose
985,chosen
986,chris
987,christ
988,christian
989,christianity
990,christians
991,christopher
992,chronic
993,chuck
994,church
995,churches
996,chz
997,ci
998,cica
999,cipher
1000,circle
1001,circuit
1002,circuits
1003,circumstances
1004,cis
1005,cit
1006,cities
1007,citizen
1008,citizens
1009,city
1010,civil
1011,civilian
1012,civilians
1013,ck
1014,cl
1015,claim
1016,claimed
1017,claiming
1018,claims
1019,claremont
1020,clark
1021,clarkson
1022,class
1023,classes
1024,classic
1025,classified
1026,clayton
1027,clean
1028,clear
1029,clearly
1030,cleveland
1031,clh
1032,client
1033,clients
1034,clinical
1035,clinton
1036,clipper
1037,clock
1038,clone
1039,close
1040,closed
1041,closely
1042,closer
1043,cloud
1044,club
1045,clue
1046,clutch
1047,cmos
1048,cmu
1049,cnn
1050,co
1051,coach
1052,coast
1053,cobb
1054,code
1055,codes
1056,coe
1057,col
1058,cold
1059,collection
1060,college
1061,color
1062,colorado
1063,colormap
1064,colors
1065,colostate
1066,colour
1067,columbia
1068,column
1069,com
1070,combination
1071,combined
1072,come
1073,comes
1074,comics
1075,coming
1076,comm
1077,command
1078,commands
1079,comment
1080,commentary
1081,comments
1082,commercial
1083,commit
1084,commitment
1085,committed
1086,committee
1087,common
1088,commonly
1089,communication
1090,communications
1091,communities
1092,community
1093,comp
1094,companies
1095,company
1096,compaq
1097,comparable
1098,compare
1099,compared
1100,comparison
1101,compatible
1102,competition
1103,compile
1104,compiled
1105,compiler
1106,complaints
1107,complete
1108,completely
1109,complex
1110,complicated
1111,component
1112,components
1113,compound
1114,comprehensive
1115,compressed
1116,compression
1117,compromise
1118,compuserve
1119,computer
1120,computers
1121,computing
1122,concept
1123,concern
1124,concerned
1125,concerning
1126,concerns
1127,concert
1128,conclusion
1129,conclusions
1130,concordia
1131,condition
1132,conditions
1133,conduct
1134,conducted
1135,conference
1136,config
1137,configuration
1138,confirmed
1139,conflict
1140,confused
1141,confusion
1142,congress
1143,connect
1144,connected
1145,connection
1146,connections
1147,connector
1148,consent
1149,consequences
1150,conservative
1151,consider
1152,consideration
1153,considered
1154,considering
1155,consistent
1156,consists
1157,conspiracy
1158,constant
1159,constantly
1160,constellation
1161,constitution
1162,constitutional
1163,construction
1164,consumer
1165,consumers
1166,contact
1167,contain
1168,contained
1169,containing
1170,contains
1171,content
1172,contents
1173,contest
1174,context
1175,continue
1176,continued
1177,continues
1178,continuing
1179,contract
1180,contrary
1181,contrast
1182,contrib
1183,control
1184,controlled
1185,controller
1186,controls
1187,convention
1188,conventional
1189,conversation
1190,conversations
1191,conversion
1192,convert
1193,converted
1194,converter
1195,converting
1196,convex
1197,convince
1198,convinced
1199,cook
1200,cooking
1201,cool
1202,cooperation
1203,copies
1204,cops
1205,copy
1206,copyright
1207,core
1208,cornell
1209,corner
1210,corp
1211,corporation
1212,correct
1213,correction
1214,correctly
1215,cos
1216,cost
1217,costs
1218,could
1219,couldn
1220,council
1221,count
1222,counter
1223,countries
1224,country
1225,county
1226,couple
1227,course
1228,court
1229,courts
1230,covenant
1231,cover
1232,coverage
1233,covered
1234,covers
1235,covington
1236,cpr
1237,cpu
1238,crabapple
1239,crack
1240,craft
1241,craig
1242,cramer
1243,crap
1244,crash
1245,cray
1246,crazy
1247,crd
1248,create
1249,created
1250,creating
1251,creation
1252,credit
1253,crew
1254,crime
1255,crimes
1256,criminal
1257,criminals
1258,criteria
1259,critical
1260,cronkite
1261,cross
1262,crowd
1263,crypt
1264,crypto
1265,cryptography
1266,cs
1267,csc
1268,csd
1269,csn
1270,cso
1271,csus
1272,ctr
1273,ctron
1274,cts
1275,cubs
1276,cult
1277,cultural
1278,culture
1279,cunixb
1280,cup
1281,curious
1282,current
1283,currently
1284,cursor
1285,custom
1286,cut
1287,cutting
1288,cv
1289,cwru
1290,cx
1291,cycle
1292,d012s658
1293,d9
1294,daily
1295,dal
1296,dale
1297,dallas
1298,damage
1299,damn
1300,dan
1301,danger
1302,dangerous
1303,daniel
1304,dare
1305,dark
1306,darwin
1307,das
1308,data
1309,database
1310,databases
1311,date
1312,daughter
1313,dave
1314,david
1315,davidian
1316,davidians
1317,davis
1318,day
1319,days
1320,db
1321,dbd
1322,dc
1323,dcs
1324,de
1325,dead
1326,deal
1327,dealer
1328,dealers
1329,dealing
1330,deals
1331,dean
1332,dear
1333,death
1334,deaths
1335,debate
1336,dec
1337,december
1338,decent
1339,decide
1340,decided
1341,decision
1342,decisions
1343,decwrl
1344,dee
1345,deep
1346,default
1347,defend
1348,defending
1349,defense
1350,defensive
1351,define
1352,defined
1353,definitely
1354,definition
1355,definitions
1356,degree
1357,degrees
1358,deleted
1359,delivery
1360,delta
1361,demand
1362,demands
1363,demo
1364,democracy
1365,democratic
1366,demon
1367,demonstrated
1368,den
1369,denied
1370,dennis
1371,density
1372,deny
1373,department
1374,depend
1375,depending
1376,depends
1377,dept
1378,depth
1379,derived
1380,des
1381,describe
1382,described
1383,describes
1384,describing
1385,description
1386,deserve
1387,design
1388,designed
1389,desire
1390,desired
1391,desktop
1392,despite
1393,destroy
1394,destroyed
1395,destroyer
1396,destruction
1397,desy
1398,det
1399,detail
1400,detailed
1401,details
1402,detect
1403,detector
1404,detectors
1405,determine
1406,determined
1407,detroit
1408,dev
1409,develop
1410,developed
1411,developing
1412,development
1413,device
1414,devices
1415,devil
1416,devils
1417,dfn
1418,dg
1419,di
1420,dial
1421,diamond
1422,dick
1423,dictionary
1424,did
1425,didn
1426,die
1427,died
1428,diego
1429,diet
1430,difference
1431,differences
1432,different
1433,differently
1434,difficult
1435,digex
1436,digital
1437,dir
1438,direct
1439,directed
1440,direction
1441,directly
1442,director
1443,directories
1444,directory
1445,disagree
1446,disciples
1447,disclaimer
1448,discovered
1449,discrimination
1450,discuss
1451,discussed
1452,discussing
1453,discussion
1454,discussions
1455,disease
1456,diseases
1457,disk
1458,disks
1459,display
1460,displayed
1461,displays
1462,distance
1463,distinction
1464,distributed
1465,distribution
1466,div
1467,divine
1468,division
1469,dk
1470,dl
1471,dma
1472,do
1473,doc
1474,doctor
1475,doctors
1476,doctrine
1477,document
1478,documentation
1479,documents
1480,dod
1481,does
1482,doesn
1483,dog
1484,dogs
1485,doing
1486,dollar
1487,dollars
1488,domain
1489,don
1490,done
1491,dont
1492,door
1493,doors
1494,dos
1495,dot
1496,double
1497,doubt
1498,doug
1499,douglas
1500,down
1501,dr
1502,draft
1503,drag
1504,draw
1505,drawing
1506,drawn
1507,dream
1508,dreams
1509,drink
1510,drive
1511,driven
1512,driver
1513,drivers
1514,drives
1515,driving
1516,drop
1517,dropped
1518,drove
1519,drug
1520,drugs
1521,dry
1522,dscomsa
1523,dseg
1524,dsinc
1525,dt
1526,du
1527,dual
1528,due
1529,duke
1530,duo
1531,during
1532,dust
1533,duty
1534,dwyer
1535,dyer
1536,dying
1537,dynamic
1538,each
1539,earlier
1540,early
1541,earth
1542,easier
1543,easily
1544,east
1545,easter
1546,eastern
1547,easy
1548,eat
1549,eating
1550,ebay
1551,ece
1552,echo
1553,ecn
1554,econ
1555,economic
1556,economy
1557,ed
1558,eddie
1559,edge
1560,edit
1561,edition
1562,editor
1563,edm
1564,edmonton
1565,edu
1566,education
1567,educational
1568,edward
1569,ee
1570,eff
1571,effect
1572,effective
1573,effectively
1574,effects
1575,efficient
1576,effort
1577,efforts
1578,eg
1579,egypt
1580,eh
1581,ei
1582,eight
1583,einstein
1584,eisa
1585,eitech
1586,either
1587,el
1588,election
1589,electric
1590,electrical
1591,electronic
1592,electronics
1593,element
1594,elements
1595,elohim
1596,elroy
1597,else
1598,elsewhere
1599,em
1600,email
1601,emergency
1602,emory
1603,emotional
1604,emphasis
1605,empire
1606,employees
1607,employer
1608,empty
1609,en
1610,encourage
1611,encrypted
1612,encryption
1613,end
1614,ended
1615,ends
1616,enemies
1617,enemy
1618,energy
1619,enet
1620,enforcement
1621,eng
1622,engine
1623,engineer
1624,engineering
1625,engines
1626,england
1627,english
1628,engr
1629,enhanced
1630,enjoy
1631,enough
1632,ensure
1633,enter
1634,entered
1635,enterpoop
1636,entire
1637,entirely
1638,entitled
1639,entries
1640,entry
1641,environment
1642,environmental
1643,equal
1644,equally
1645,equipment
1646,equivalent
1647,er
1648,era
1649,eric
1650,ericsson
1651,error
1652,errors
1653,es
1654,escape
1655,escrow
1656,especially
1657,espn
1658,essential
1659,essentially
1660,establish
1661,established
1662,et
1663,etc
1664,eternal
1665,ethernet
1666,ethnic
1667,eu
1668,europa
1669,europe
1670,european
1671,even
1672,evening
1673,event
1674,events
1675,eventually
1676,ever
1677,every
1678,everybody
1679,everyone
1680,everything
1681,everywhere
1682,evidence
1683,evil
1684,evolution
1685,ex
1686,exact
1687,exactly
1688,examine
1689,example
1690,examples
1691,excellent
1692,except
1693,exception
1694,exchange
1695,excuse
1696,exe
1697,executive
1698,exercise
1699,exist
1700,existed
1701,existence
1702,existing
1703,exists
1704,exit
1705,exodus
1706,expansion
1707,expect
1708,expected
1709,expensive
1710,experience
1711,experienced
1712,experiences
1713,experiment
1714,experimental
1715,expert
1716,experts
1717,explain
1718,explained
1719,explanation
1720,explicitly
1721,exploration
1722,expo
1723,export
1724,expose
1725,exposed
1726,exposure
1727,express
1728,expressed
1729,expression
1730,extended
1731,extension
1732,extensions
1733,extensive
1734,extent
1735,extermination
1736,external
1737,extra
1738,extreme
1739,extremely
1740,eye
1741,eyes
1742,face
1743,facilities
1744,facility
1745,fact
1746,factor
1747,factors
1748,factory
1749,facts
1750,fail
1751,failed
1752,fails
1753,failure
1754,fair
1755,fairly
1756,faith
1757,fall
1758,falls
1759,false
1760,familiar
1761,families
1762,family
1763,famous
1764,fan
1765,fans
1766,faq
1767,far
1768,farm
1769,fast
1770,faster
1771,fat
1772,father
1773,fathers
1774,fault
1775,favor
1776,favorite
1777,fax
1778,fbi
1779,fc
1780,fear
1781,feature
1782,features
1783,feb
1784,february
1785,federal
1786,feds
1787,fee
1788,feed
1789,feel
1790,feeling
1791,feelings
1792,feels
1793,feet
1794,fell
1795,fellow
1796,felt
1797,female
1798,few
1799,fewer
1800,fi
1801,fiction
1802,fido
1803,fidonet
1804,field
1805,fields
1806,fifth
1807,fight
1808,fighting
1809,figure
1810,figured
1811,figures
1812,fij
1813,file
1814,filename
1815,files
1816,fill
1817,filled
1818,film
1819,filter
1820,final
1821,finally
1822,find
1823,finding
1824,fine
1825,finger
1826,finish
1827,finished
1828,finland
1829,fire
1830,firearm
1831,firearms
1832,fired
1833,firm
1834,first
1835,fish
1836,fit
1837,fits
1838,five
1839,fix
1840,fixed
1841,flame
1842,flames
1843,flash
1844,flat
1845,flight
1846,floor
1847,floppy
1848,florida
1849,flow
1850,fly
1851,flyers
1852,flying
1853,fm
1854,fnal
1855,focus
1856,folks
1857,follow
1858,followed
1859,followers
1860,following
1861,follows
1862,font
1863,fonts
1864,food
1865,fool
1866,foot
1867,football
1868,for
1869,force
1870,forced
1871,forces
1872,ford
1873,foreign
1874,forever
1875,forget
1876,forgot
1877,forgotten
1878,form
1879,format
1880,formats
1881,formed
1882,former
1883,forms
1884,forsale
1885,forth
1886,forum
1887,forward
1888,found
1889,foundation
1890,four
1891,fourth
1892,fpu
1893,fr
1894,frame
1895,frames
1896,france
1897,francis
1898,francisco
1899,frank
1900,fred
1901,free
1902,freedom
1903,freely
1904,freenet
1905,french
1906,frequency
1907,frequently
1908,friday
1909,friend
1910,friendly
1911,friends
1912,from
1913,front
1914,fs7
1915,fsu
1916,ft
1917,ftp
1918,fu
1919,fuel
1920,full
1921,fully
1922,fun
1923,function
1924,functionality
1925,functions
1926,fund
1927,fundamental
1928,funding
1929,funds
1930,funet
1931,funny
1932,further
1933,furthermore
1934,future
1935,fyn
1936,g9v
1937,ga
1938,gain
1939,galaxy
1940,galileo
1941,gallant
1942,game
1943,games
1944,gamma
1945,gant
1946,gap
1947,garbage
1948,gary
1949,gas
1950,gatech
1951,gates
1952,gateway
1953,gave
1954,gay
1955,gaza
1956,ge
1957,gear
1958,geb
1959,gee
1960,gen
1961,gene
1962,general
1963,generally
1964,generate
1965,generated
1966,generation
1967,genesis
1968,geneva
1969,genocide
1970,geometry
1971,george
1972,georgia
1973,gerald
1974,geraldo
1975,gerard
1976,german
1977,germans
1978,germany
1979,gerry
1980,get
1981,gets
1982,getting
1983,ghost
1984,giants
1985,gif
1986,gifs
1987,gift
1988,girl
1989,girls
1990,give
1991,given
1992,gives
1993,giving
1994,giz
1995,gk
1996,gl
1997,glad
1998,gld
1999,global
2000,glory
2001,gm
2002,gmt
2003,gnu
2004,go
2005,goal
2006,goals
2007,god
2008,gods
2009,goes
2010,going
2011,gold
2012,golden
2013,gone
2014,gonna
2015,good
2016,gopher
2017,gordon
2018,gospel
2019,got
2020,gotten
2021,gov
2022,government
2023,governments
2024,govt
2025,gr
2026,grace
2027,grade
2028,graduate
2029,graham
2030,grand
2031,grant
2032,granted
2033,graphic
2034,graphics
2035,gravity
2036,gray
2037,great
2038,greater
2039,greatest
2040,greatly
2041,greece
2042,greek
2043,greeks
2044,green
2045,greg
2046,gregory
2047,grenades
2048,grey
2049,ground
2050,grounds
2051,group
2052,groups
2053,growing
2054,growth
2055,gsfc
2056,gt
2057,gtefsd
2058,gtoal
2059,guarantee
2060,guaranteed
2061,guard
2062,guess
2063,guide
2064,guidelines
2065,guilty
2066,gumby
2067,gun
2068,guns
2069,guy
2070,guys
2071,gw
2072,gwu
2073,ha
2074,hacker
2075,had
2076,hadn
2077,hair
2078,hal
2079,halat
2080,half
2081,hall
2082,hallam
2083,ham
2084,hamburg
2085,hamilton
2086,hand
2087,handed
2088,handgun
2089,handguns
2090,handle
2091,handling
2092,hands
2093,hang
2094,hanging
2095,happen
2096,happened
2097,happening
2098,happens
2099,happy
2100,har
2101,hard
2102,harder
2103,hardly
2104,hardware
2105,harley
2106,harm
2107,harris
2108,harry
2109,hartford
2110,harvard
2111,has
2112,hasn
2113,hate
2114,hatred
2115,have
2116,haven
2117,having
2118,hawaii
2119,hawks
2120,hcf
2121,hd
2122,he
2123,head
2124,header
2125,headlines
2126,heads
2127,headwall
2128,health
2129,healthy
2130,hear
2131,heard
2132,hearing
2133,heart
2134,heat
2135,heaven
2136,heavily
2137,heavy
2138,hebrew
2139,heck
2140,height
2141,held
2142,hell
2143,hello
2144,helmet
2145,help
2146,helped
2147,helpful
2148,helps
2149,hence
2150,henrik
2151,henry
2152,her
2153,here
2154,herzgvna
2155,hey
2156,hi
2157,hicnet
2158,hidden
2159,hide
2160,higgins
2161,high
2162,higher
2163,highest
2164,highly
2165,highway
2166,hill
2167,him
2168,himself
2169,hint
2170,hints
2171,his
2172,historical
2173,history
2174,hit
2175,hitler
2176,hits
2177,hitter
2178,hitting
2179,hm
2180,hmm
2181,hmmm
2182,ho
2183,hobbes
2184,hockey
2185,hold
2186,holding
2187,holds
2188,hole
2189,holes
2190,holland
2191,holocaust
2192,holy
2193,home
2194,homeland
2195,homes
2196,homicide
2197,homosexual
2198,homosexuality
2199,homosexuals
2200,honda
2201,honest
2202,honor
2203,hook
2204,hope
2205,hopefully
2206,hoping
2207,horus
2208,hospital
2209,hospitals
2210,host
2211,hot
2212,hotel
2213,hour
2214,hours
2215,house
2216,houses
2217,houston
2218,how
2219,howard
2220,however
2221,howland
2222,hp
2223,hpscit
2224,hr
2225,hsdndev
2226,hst
2227,hudson
2228,huge
2229,huh
2230,hulk
2231,human
2232,humanity
2233,humans
2234,hundred
2235,hundreds
2236,hunter
2237,hurt
2238,husband
2239,husc
2240,hut
2241,hz
2242,i4
2243,iastate
2244,ibm
2245,ibmpcug
2246,ic
2247,ice
2248,icon
2249,ics
2250,id
2251,ide
2252,idea
2253,ideas
2254,identical
2255,identified
2256,identify
2257,identity
2258,idle
2259,ie
2260,ieee
2261,if
2262,ifi
2263,igc
2264,ignorance
2265,ignorant
2266,ignore
2267,ignored
2268,igor
2269,ii
2270,iii
2271,iisi
2272,il
2273,ill
2274,illegal
2275,illinois
2276,image
2277,images
2278,imagine
2279,imaging
2280,imake
2281,imho
2282,immediate
2283,immediately
2284,immoral
2285,impact
2286,implement
2287,implementation
2288,implemented
2289,implies
2290,imply
2291,importance
2292,important
2293,impossible
2294,impression
2295,improve
2296,improved
2297,improvement
2298,in
2299,inc
2300,inch
2301,incident
2302,include
2303,included
2304,includes
2305,including
2306,income
2307,incoming
2308,incorrect
2309,increase
2310,increased
2311,increases
2312,increasing
2313,indeed
2314,independence
2315,independent
2316,index
2317,indian
2318,indiana
2319,indicate
2320,indicates
2321,individual
2322,individuals
2323,industry
2324,infection
2325,infinite
2326,influence
2327,info
2328,informatik
2329,information
2330,informed
2331,ingr
2332,inhabitants
2333,initial
2334,initially
2335,injuries
2336,injury
2337,innocent
2338,input
2339,ins
2340,insert
2341,inside
2342,install
2343,installation
2344,installed
2345,installing
2346,instance
2347,instead
2348,institute
2349,instructions
2350,instrument
2351,instruments
2352,insurance
2353,int
2354,integrated
2355,intel
2356,intellectual
2357,intelligence
2358,intelligent
2359,intend
2360,intended
2361,intent
2362,interactive
2363,intercon
2364,interest
2365,interested
2366,interesting
2367,interests
2368,interface
2369,interference
2370,interior
2371,internal
2372,international
2373,internet
2374,interpret
2375,interpretation
2376,interview
2377,into
2378,intrinsics
2379,introduced
2380,introduction
2381,invest
2382,investigation
2383,investors
2384,involve
2385,involved
2386,involves
2387,involving
2388,io
2389,ip
2390,ira
2391,iran
2392,iranian
2393,iraq
2394,iron
2395,irq
2396,irrational
2397,irrelevant
2398,irvine
2399,is
2400,isa
2401,isbn
2402,isc
2403,islam
2404,islamic
2405,island
2406,islanders
2407,isn
2408,israel
2409,israeli
2410,israelis
2411,issue
2412,issued
2413,issues
2414,istanbul
2415,it
2416,italy
2417,itd
2418,item
2419,items
2420,its
2421,itself
2422,iv
2423,jack
2424,jackson
2425,jake
2426,james
2427,jan
2428,janet
2429,january
2430,japan
2431,japanese
2432,jason
2433,jay
2434,jays
2435,jb
2436,je
2437,jeff
2438,jefferson
2439,jehovah
2440,jerry
2441,jersey
2442,jerusalem
2443,jesus
2444,jet
2445,jets
2446,jew
2447,jewish
2448,jews
2449,jfif
2450,jhu
2451,jhunix
2452,jim
2453,job
2454,jobs
2455,joe
2456,joel
2457,john
2458,johnson
2459,join
2460,joint
2461,joke
2462,jon
2463,jonathan
2464,jones
2465,jose
2466,joseph
2467,josh
2468,journal
2469,jp
2470,jpeg
2471,jpl
2472,jr
2473,jsc
2474,judas
2475,judge
2476,judgement
2477,judges
2478,july
2479,jump
2480,jumper
2481,jumpers
2482,june
2483,jupiter
2484,just
2485,justice
2486,justification
2487,justified
2488,justify
2489,jvnc
2490,jz
2491,k8
2492,kaldis
2493,karabakh
2494,karina
2495,karl
2496,keep
2497,keeping
2498,keeps
2499,kei
2500,keith
2501,kelvin
2502,ken
2503,kenneth
2504,kent
2505,kept
2506,kevin
2507,key
2508,keyboard
2509,keys
2510,kg
2511,kh
2512,kid
2513,kids
2514,kill
2515,killed
2516,killing
2517,kind
2518,kinds
2519,king
2520,kingdom
2521,kings
2522,kinsey
2523,kit
2524,km
2525,kmr4
2526,kn
2527,knew
2528,knock
2529,know
2530,knowing
2531,knowledge
2532,known
2533,knows
2534,kodak
2535,koresh
2536,kpc
2537,ksu
2538,kth
2539,kurds
2540,kuwait
2541,la
2542,lab
2543,labor
2544,laboratory
2545,labs
2546,lack
2547,lady
2548,lake
2549,lance
2550,land
2551,lane
2552,lang
2553,language
2554,larc
2555,large
2556,largely
2557,larger
2558,largest
2559,larry
2560,larson
2561,laser
2562,last
2563,late
2564,later
2565,latest
2566,latter
2567,laugh
2568,launch
2569,launched
2570,laurentian
2571,law
2572,lawrence
2573,laws
2574,lawyer
2575,lay
2576,lbl
2577,lc
2578,lcs
2579,ld
2580,le
2581,lead
2582,leader
2583,leaders
2584,leadership
2585,leading
2586,leads
2587,leafs
2588,league
2589,learn
2590,learned
2591,learning
2592,least
2593,leave
2594,leaves
2595,leaving
2596,lebanese
2597,lebanon
2598,led
2599,lee
2600,left
2601,legal
2602,legally
2603,legislation
2604,legitimate
2605,lehigh
2606,leland
2607,lemieux
2608,length
2609,leo
2610,less
2611,let
2612,lets
2613,letter
2614,letters
2615,letting
2616,level
2617,levels
2618,lewis
2619,lib
2620,liberal
2621,libertarian
2622,liberties
2623,liberty
2624,libraries
2625,library
2626,libxmu
2627,license
2628,lie
2629,lies
2630,life
2631,lift
2632,light
2633,lights
2634,like
2635,liked
2636,likely
2637,limbaugh
2638,limit
2639,limited
2640,limits
2641,linac
2642,lindros
2643,line
2644,linear
2645,lines
2646,link
2647,linked
2648,linus
2649,linux
2650,liquid
2651,lis
2652,list
2653,listed
2654,listen
2655,listening
2656,listing
2657,lists
2658,listserv
2659,literally
2660,literature
2661,little
2662,live
2663,lived
2664,lives
2665,livesey
2666,living
2667,lj
2668,lk
2669,ll
2670,lll
2671,llnl
2672,load
2673,loaded
2674,local
2675,located
2676,location
2677,lock
2678,log
2679,logic
2680,logical
2681,login
2682,london
2683,long
2684,longer
2685,look
2686,looked
2687,looking
2688,looks
2689,loop
2690,loose
2691,lord
2692,los
2693,lose
2694,losing
2695,loss
2696,lost
2697,lot
2698,lots
2699,louis
2700,louisville
2701,love
2702,low
2703,lower
2704,lq
2705,ltd
2706,luck
2707,lucky
2708,luke
2709,lunar
2710,lying
2711,lynx
2712,m0
2713,m1
2714,m2
2715,m3
2716,m4
2717,m5
2718,m8
2719,m9
2720,m_
2721,ma
2722,mac
2723,machine
2724,machines
2725,macintosh
2726,made
2727,mag
2728,magazine
2729,magazines
2730,magic
2731,magnesium
2732,magnetic
2733,magnus
2734,mail
2735,mailing
2736,main
2737,maine
2738,mainly
2739,maintain
2740,maintained
2741,major
2742,majority
2743,make
2744,makes
2745,making
2746,malcolm
2747,male
2748,malgudi
2749,mamma
2750,man
2751,manage
2752,managed
2753,management
2754,manager
2755,manipulation
2756,manner
2757,mantis
2758,manual
2759,manuals
2760,manufacturer
2761,manufacturers
2762,many
2763,map
2764,maple
2765,mapping
2766,mar
2767,marc
2768,march
2769,mario
2770,mark
2771,market
2772,marketing
2773,marketplace
2774,marriage
2775,married
2776,mars
2777,martin
2778,mary
2779,mask
2780,mass
2781,massacre
2782,massive
2783,master
2784,match
2785,material
2786,materials
2787,math
2788,mathematical
2789,mathematics
2790,mathew
2791,matt
2792,matter
2793,matters
2794,matthew
2795,max
2796,maximum
2797,may
2798,maybe
2799,maynard
2800,mb
2801,mc
2802,mccall
2803,mcconkie
2804,mcgill
2805,mchp
2806,mcovingt
2807,mcrcim
2808,mcsun
2809,md
2810,me
2811,mean
2812,meaning
2813,means
2814,meant
2815,measure
2816,measures
2817,mechanical
2818,mechanism
2819,med
2820,media
2821,medical
2822,medicine
2823,medium
2824,meet
2825,meeting
2826,meg
2827,megs
2828,melkonian
2829,member
2830,members
2831,membership
2832,memorial
2833,memory
2834,men
2835,mental
2836,mention
2837,mentioned
2838,mentor
2839,menu
2840,menudo
2841,mercury
2842,mere
2843,merely
2844,message
2845,messages
2846,messiah
2847,met
2848,meta
2849,metal
2850,method
2851,methods
2852,metro
2853,mets
2854,mg
2855,mh
2856,mhz
2857,mi
2858,michael
2859,michigan
2860,micro
2861,microsoft
2862,mid
2863,middle
2864,mideast
2865,midway
2866,might
2867,mike
2868,mil
2869,mile
2870,miles
2871,military
2872,militia
2873,miller
2874,million
2875,millions
2876,milwaukee
2877,mimsy
2878,min
2879,mind
2880,minds
2881,mine
2882,minimum
2883,minister
2884,ministry
2885,minnesota
2886,minor
2887,minorities
2888,minority
2889,minute
2890,minutes
2891,mips
2892,mirror
2893,mirrors
2894,misc
2895,miss
2896,missed
2897,missing
2898,mission
2899,missions
2900,missouri
2901,mistake
2902,mistakes
2903,mit
2904,mitchell
2905,mitre
2906,mk
2907,ml
2908,mm
2909,mn
2910,mnemosyne
2911,mo
2912,mob
2913,mode
2914,model
2915,models
2916,modem
2917,modems
2918,modern
2919,modes
2920,modified
2921,modify
2922,module
2923,moe
2924,molecular
2925,moment
2926,mon
2927,monash
2928,monday
2929,money
2930,monitor
2931,monitors
2932,montana
2933,month
2934,monthly
2935,months
2936,montreal
2937,moon
2938,moral
2939,morality
2940,morals
2941,more
2942,morgan
2943,mormon
2944,mormons
2945,morning
2946,morris
2947,moses
2948,most
2949,mostly
2950,mot
2951,mother
2952,motherboard
2953,motif
2954,motion
2955,motivated
2956,motor
2957,motorcycle
2958,motorcycles
2959,motorola
2960,mount
2961,mountain
2962,mouse
2963,mouth
2964,mov
2965,move
2966,moved
2967,movement
2968,movie
2969,moving
2970,mp
2971,mph
2972,mps
2973,mq
2974,mr
2975,ms
2976,msdos
2977,msen
2978,msg
2979,msstate
2980,msu
2981,msuinfo
2982,msus
2983,mt
2984,mu
2985,much
2986,multi
2987,multimedia
2988,multiple
2989,mumbo
2990,munnari
2991,murder
2992,murdered
2993,murdoch
2994,murphy
2995,murray
2996,museum
2997,music
2998,muslim
2999,muslims
3000,must
3001,mutual
3002,mv
3003,mw
3004,mx
3005,my
3006,myers
3007,myself
3008,name
3009,named
3010,names
3011,nasa
3012,nation
3013,national
3014,nations
3015,native
3016,natural
3017,naturally
3018,nature
3019,naval
3020,navy
3021,nazi
3022,nazis
3023,nc
3024,ncar
3025,ncr
3026,ncsl
3027,ncsu
3028,nd
3029,ne
3030,neal
3031,near
3032,nearby
3033,nearly
3034,neat
3035,nec
3036,necessarily
3037,necessary
3038,neck
3039,need
3040,needed
3041,needs
3042,negative
3043,neighbor
3044,neighbors
3045,neil
3046,neither
3047,nelson
3048,net
3049,netcom
3050,netcomsv
3051,netnews
3052,netters
3053,network
3054,networks
3055,neutral
3056,never
3057,new
3058,newer
3059,news
3060,news2me
3061,newsflash
3062,newsgate
3063,newsgroup
3064,newsgroups
3065,newshost
3066,newshub
3067,newsletter
3068,newspaper
3069,newsserver
3070,newton
3071,next
3072,nhl
3073,nic
3074,nice
3075,nick
3076,nigel
3077,night
3078,nih
3079,nine
3080,nist
3081,nj
3082,nl
3083,nm
3084,nmsu
3085,nntp
3086,no
3087,noao
3088,nobody
3089,noc
3090,noise
3091,non
3092,none
3093,nonsense
3094,noose
3095,nor
3096,normal
3097,normally
3098,north
3099,northern
3100,norton
3101,norway
3102,not
3103,note
3104,noted
3105,notes
3106,nothing
3107,notice
3108,noticed
3109,notion
3110,nott
3111,nov
3112,novell
3113,november
3114,now
3115,nra
3116,ns
3117,ns1
3118,nsa
3119,nsmca
3120,nt
3121,nuclear
3122,null
3123,number
3124,numbers
3125,numerous
3126,nutrition
3127,nwnet
3128,nwu
3129,ny
3130,nyi
3131,nyr
3132,nyx
3133,nz
3134,oac
3135,oakland
3136,oar
3137,object
3138,objective
3139,objectively
3140,objects
3141,obo
3142,observation
3143,observations
3144,observe
3145,observed
3146,observer
3147,obtain
3148,obtained
3149,obvious
3150,obviously
3151,occupation
3152,occupied
3153,occur
3154,occurred
3155,occurs
3156,october
3157,odd
3158,odin
3159,of
3160,off
3161,offense
3162,offensive
3163,offer
3164,offered
3165,offers
3166,office
3167,officer
3168,officers
3169,official
3170,officials
3171,offset
3172,often
3173,ogicse
3174,oh
3175,ohanus
3176,ohio
3177,oil
3178,ok
3179,okay
3180,okstate
3181,old
3182,older
3183,olivea
3184,on
3185,oname
3186,once
3187,one
3188,ones
3189,online
3190,only
3191,ontario
3192,onto
3193,open
3194,opened
3195,opening
3196,openwindows
3197,operate
3198,operating
3199,operation
3200,operations
3201,opinion
3202,opinions
3203,opportunities
3204,opportunity
3205,opposed
3206,opposite
3207,opposition
3208,optilink
3209,option
3210,optional
3211,options
3212,or
3213,oracle
3214,orbit
3215,orbital
3216,orbiter
3217,order
3218,ordered
3219,orders
3220,ordinary
3221,org
3222,organization
3223,organizations
3224,organized
3225,orientation
3226,oriented
3227,origin
3228,original
3229,originally
3230,origins
3231,orion
3232,orst
3233,orthodox
3234,os
3235,os2
3236,osf
3237,osuunx
3238,ot
3239,other
3240,others
3241,otherwise
3242,ott
3243,ottawa
3244,ottoman
3245,ought
3246,oulu
3247,our
3248,ourselves
3249,out
3250,output
3251,outside
3252,over
3253,overall
3254,own
3255,owned
3256,owner
3257,owners
3258,oz
3259,p1
3260,p2
3261,p3
3262,pa
3263,pacbell
3264,pacific
3265,pack
3266,package
3267,packages
3268,packard
3269,packet
3270,pad
3271,pagan
3272,page
3273,pages
3274,paid
3275,pain
3276,paint
3277,pair
3278,pakistan
3279,paladin
3280,palestine
3281,palestinian
3282,palestinians
3283,palmer
3284,panel
3285,panix
3286,paper
3287,papers
3288,paragraph
3289,parallel
3290,parameters
3291,paranoid
3292,parent
3293,parents
3294,park
3295,part
3296,participate
3297,particular
3298,particularly
3299,parties
3300,parts
3301,party
3302,pass
3303,passage
3304,passages
3305,passed
3306,passenger
3307,passes
3308,passing
3309,password
3310,past
3311,pat
3312,patch
3313,patches
3314,path
3315,patient
3316,patients
3317,patrick
3318,pattern
3319,paul
3320,pay
3321,paying
3322,pc
3323,pcs
3324,pd
3325,peace
3326,peachnet
3327,penalties
3328,penalty
3329,penguins
3330,pens
3331,people
3332,per
3333,percent
3334,percentage
3335,perfect
3336,perfectly
3337,perform
3338,performance
3339,performed
3340,perhaps
3341,period
3342,periphs
3343,permanent
3344,permission
3345,permit
3346,perry
3347,persecution
3348,person
3349,personal
3350,personally
3351,personnel
3352,persons
3353,perspective
3354,pete
3355,peter
3356,pgp
3357,ph
3358,phase
3359,phi
3360,phigs
3361,phil
3362,philadelphia
3363,philips
3364,phill
3365,philosophy
3366,phoenix
3367,phone
3368,phones
3369,photo
3370,phrase
3371,physical
3372,physics
3373,pick
3374,picked
3375,picture
3376,pictures
3377,piece
3378,pieces
3379,pilot
3380,pin
3381,pins
3382,pioneer
3383,pipex
3384,pit
3385,pitch
3386,pitcher
3387,pitching
3388,pitt
3389,pittsburgh
3390,pixel
3391,pixels
3392,pl
3393,place
3394,placed
3395,places
3396,plain
3397,plaintext
3398,plan
3399,plane
3400,planes
3401,planet
3402,planetary
3403,planets
3404,planned
3405,planning
3406,plans
3407,plant
3408,plastic
3409,plate
3410,platform
3411,platforms
3412,play
3413,played
3414,player
3415,players
3416,playing
3417,playoff
3418,playoffs
3419,plays
3420,please
3421,plenty
3422,plot
3423,plug
3424,plus
3425,pluto
3426,pm
3427,po
3428,point
3429,pointed
3430,pointing
3431,points
3432,police
3433,policies
3434,policy
3435,political
3436,politics
3437,polygon
3438,pool
3439,poor
3440,pop
3441,pope
3442,popular
3443,population
3444,port
3445,portable
3446,portal
3447,portion
3448,ports
3449,position
3450,positions
3451,positive
3452,possibility
3453,possible
3454,possibly
3455,post
3456,posted
3457,poster
3458,posting
3459,postings
3460,posts
3461,postscript
3462,potential
3463,pounds
3464,power
3465,powerful
3466,powers
3467,pp
3468,practical
3469,practice
3470,practices
3471,pray
3472,prayer
3473,pre
3474,precisely
3475,predict
3476,predictions
3477,prefer
3478,preferred
3479,prepared
3480,presence
3481,present
3482,presented
3483,president
3484,press
3485,pressure
3486,presumably
3487,pretty
3488,prevent
3489,prevention
3490,previous
3491,previously
3492,price
3493,prices
3494,priest
3495,primarily
3496,primary
3497,primate
3498,prime
3499,princeton
3500,principle
3501,principles
3502,print
3503,printed
3504,printer
3505,printers
3506,printf
3507,printing
3508,prior
3509,prism
3510,privacy
3511,private
3512,pro
3513,probability
3514,probably
3515,probe
3516,probes
3517,problem
3518,problems
3519,procedure
3520,procedures
3521,proceeded
3522,proceedings
3523,process
3524,processes
3525,processing
3526,processor
3527,produce
3528,produced
3529,produces
3530,product
3531,production
3532,products
3533,professional
3534,professor
3535,profit
3536,program
3537,programmer
3538,programming
3539,programs
3540,progress
3541,project
3542,projects
3543,promise
3544,promised
3545,promote
3546,proof
3547,propaganda
3548,proper
3549,properly
3550,properties
3551,property
3552,prophecy
3553,prophet
3554,prophets
3555,proposal
3556,proposed
3557,propulsion
3558,protect
3559,protected
3560,protection
3561,protocol
3562,proud
3563,prove
3564,proved
3565,proven
3566,provide
3567,provided
3568,provides
3569,providing
3570,ps
3571,psalm
3572,psalms
3573,psinntp
3574,psu
3575,psuvax1
3576,psuvm
3577,psychology
3578,pt
3579,pts
3580,pu
3581,pub
3582,public
3583,publication
3584,publicly
3585,publish
3586,published
3587,puck
3588,pull
3589,pulled
3590,punishment
3591,purchase
3592,purchased
3593,purdue
3594,pure
3595,purely
3596,purpose
3597,purposes
3598,push
3599,pushed
3600,put
3601,puts
3602,putting
3603,pyramid
3604,qax
3605,ql
3606,qq
3607,qs
3608,quadra
3609,quality
3610,quantum
3611,que
3612,quebec
3613,question
3614,questions
3615,quick
3616,quickly
3617,quicktime
3618,quiet
3619,quit
3620,quite
3621,quote
3622,quoted
3623,quotes
3624,qur
3625,qy
3626,r4
3627,r5
3628,ra
3629,race
3630,radar
3631,radiation
3632,radio
3633,radius
3634,raid
3635,rain
3636,raise
3637,raised
3638,ram
3639,ramsey
3640,ran
3641,random
3642,randy
3643,range
3644,rangers
3645,rape
3646,rare
3647,rarely
3648,rat
3649,rate
3650,rates
3651,rather
3652,ratio
3653,rational
3654,raw
3655,ray
3656,rd
3657,re
3658,reach
3659,reached
3660,reaction
3661,read
3662,reader
3663,readers
3664,reading
3665,readme
3666,reads
3667,ready
3668,real
3669,reality
3670,realize
3671,realized
3672,really
3673,rear
3674,reason
3675,reasonable
3676,reasonably
3677,reasoning
3678,reasons
3679,rec
3680,recall
3681,receive
3682,received
3683,receiver
3684,receiving
3685,recent
3686,recently
3687,recognize
3688,recognized
3689,recommend
3690,recommended
3691,record
3692,recorded
3693,records
3694,red
3695,reduce
3696,reduced
3697,reed
3698,refer
3699,reference
3700,references
3701,referred
3702,referring
3703,reflect
3704,refuse
3705,refused
3706,regard
3707,regarding
3708,regardless
3709,regards
3710,region
3711,regional
3712,register
3713,registered
3714,registration
3715,regular
3716,regularly
3717,reject
3718,rejected
3719,related
3720,relating
3721,relations
3722,relationship
3723,relative
3724,relatively
3725,relay
3726,release
3727,released
3728,relevant
3729,reliable
3730,religion
3731,religions
3732,religious
3733,rely
3734,remain
3735,remaining
3736,remains
3737,remark
3738,remarks
3739,remember
3740,remote
3741,remove
3742,removed
3743,removing
3744,rendering
3745,reno
3746,rent
3747,repair
3748,repeat
3749,repeated
3750,repeatedly
3751,replace
3752,replaced
3753,replacement
3754,replies
3755,reply
3756,report
3757,reported
3758,reports
3759,represent
3760,representatives
3761,represents
3762,republic
3763,request
3764,requested
3765,requests
3766,require
3767,required
3768,requirement
3769,requirements
3770,requires
3771,research
3772,researchers
3773,reserve
3774,reserved
3775,resistance
3776,resolution
3777,resource
3778,resources
3779,respect
3780,respond
3781,responded
3782,responding
3783,response
3784,responses
3785,responsibility
3786,responsible
3787,rest
3788,reston
3789,result
3790,resulting
3791,results
3792,resurrection
3793,return
3794,returned
3795,returns
3796,rev
3797,revealed
3798,revelation
3799,reverse
3800,review
3801,revolution
3802,rf
3803,rg
3804,rgb
3805,rice
3806,rich
3807,richard
3808,rick
3809,rid
3810,ride
3811,rider
3812,ridiculous
3813,riding
3814,right
3815,righteous
3816,rights
3817,ring
3818,rings
3819,ripem
3820,rise
3821,risk
3822,risks
3823,rit
3824,river
3825,rl
3826,rlk
3827,rm
3828,road
3829,roads
3830,rob
3831,robert
3832,rochester
3833,rock
3834,rockefeller
3835,rocket
3836,roger
3837,role
3838,roll
3839,rom
3840,roman
3841,romans
3842,ron
3843,room
3844,root
3845,rose
3846,roughly
3847,round
3848,route
3849,routine
3850,routines
3851,row
3852,roy
3853,royalroads
3854,rpi
3855,rs
3856,rsa
3857,rt
3858,rtsg
3859,rule
3860,rules
3861,run
3862,running
3863,runs
3864,rush
3865,russell
3866,russia
3867,russian
3868,russians
3869,russotto
3870,rutgers
3871,rw
3872,rwing
3873,rx
3874,ryan
3875,rz
3876,s0g
3877,s1
3878,s2
3879,s3
3880,sabres
3881,sacrifice
3882,sad
3883,safe
3884,safety
3885,sahak
3886,said
3887,saimiri
3888,saint
3889,sake
3890,sale
3891,sales
3892,salt
3893,salvation
3894,sam
3895,same
3896,sample
3897,san
3898,sandvik
3899,santa
3900,sas
3901,sat
3902,satan
3903,satellite
3904,satellites
3905,saturday
3906,saturn
3907,save
3908,saved
3909,saves
3910,saving
3911,saw
3912,say
3913,saying
3914,says
3915,sb
3916,sc
3917,scale
3918,scan
3919,scene
3920,schedule
3921,scheduled
3922,scheme
3923,scholars
3924,school
3925,schools
3926,sci
3927,science
3928,sciences
3929,scientific
3930,scientist
3931,scientists
3932,score
3933,scored
3934,scorer
3935,scores
3936,scoring
3937,scott
3938,screen
3939,screw
3940,script
3941,scripture
3942,scriptures
3943,scsi
3944,sdd
3945,sdpa
3946,se
3947,sea
3948,sean
3949,search
3950,seas
3951,season
3952,seat
3953,seats
3954,seattle
3955,sec
3956,second
3957,seconds
3958,secret
3959,secretary
3960,section
3961,sections
3962,sector
3963,secular
3964,secure
3965,security
3966,see
3967,seeing
3968,seek
3969,seem
3970,seemed
3971,seems
3972,seen
3973,sei
3974,select
3975,selected
3976,selection
3977,self
3978,sell
3979,selling
3980,sells
3981,semi
3982,senate
3983,senator
3984,send
3985,sending
3986,senior
3987,sense
3988,sent
3989,sentence
3990,separate
3991,sept
3992,september
3993,sequence
3994,sera
3995,serbs
3996,serdar
3997,serial
3998,series
3999,serious
4000,seriously
4001,serve
4002,served
4003,server
4004,servers
4005,service
4006,services
4007,serving
4008,session
4009,sessions
4010,set
4011,sets
4012,setting
4013,settings
4014,setup
4015,seven
4016,several
4017,severe
4018,sex
4019,sexual
4020,sf
4021,sfu
4022,sg
4023,sgi
4024,sgiblab
4025,sgigate
4026,sh
4027,shaft
4028,shall
4029,shape
4030,share
4031,shared
4032,shareware
4033,sharks
4034,sharp
4035,she
4036,shell
4037,shift
4038,ship
4039,shipping
4040,shit
4041,shoot
4042,shooting
4043,shop
4044,short
4045,shot
4046,shots
4047,should
4048,shouldn
4049,shouting
4050,show
4051,showed
4052,showing
4053,shown
4054,shows
4055,shut
4056,shuttle
4057,si
4058,sick
4059,side
4060,sides
4061,sig
4062,sight
4063,sign
4064,signal
4065,signals
4066,signature
4067,signed
4068,significant
4069,significantly
4070,signs
4071,silence
4072,silicon
4073,silly
4074,silver
4075,similar
4076,similarly
4077,simms
4078,simon
4079,simple
4080,simply
4081,simtel20
4082,sin
4083,since
4084,single
4085,sins
4086,sir
4087,sit
4088,site
4089,sites
4090,sitting
4091,situation
4092,situations
4093,six
4094,size
4095,sj
4096,sk
4097,skeptic
4098,skepticism
4099,skills
4100,skin
4101,sky
4102,sl
4103,slaughter
4104,slave
4105,sleep
4106,slide
4107,slightly
4108,slip
4109,slot
4110,slow
4111,slower
4112,slowly
4113,small
4114,smaller
4115,smart
4116,smith
4117,smoke
4118,smoking
4119,snail
4120,sni
4121,snow
4122,so
4123,soc
4124,social
4125,society
4126,socket
4127,soft
4128,software
4129,sol
4130,solar
4131,sold
4132,soldiers
4133,solid
4134,solntze
4135,solution
4136,solutions
4137,solve
4138,some
4139,somebody
4140,somehow
4141,someone
4142,something
4143,sometimes
4144,somewhat
4145,somewhere
4146,son
4147,sony
4148,soon
4149,sorry
4150,sort
4151,sorts
4152,soul
4153,sound
4154,sounds
4155,source
4156,sources
4157,south
4158,southern
4159,soviet
4160,sox
4161,sp
4162,space
4163,spacecraft
4164,sparc
4165,spare
4166,speak
4167,speakers
4168,speaking
4169,spec
4170,special
4171,specific
4172,specifically
4173,specified
4174,specify
4175,specs
4176,spectrum
4177,speech
4178,speed
4179,speeds
4180,spencer
4181,spend
4182,spending
4183,spent
4184,spirit
4185,spiritual
4186,split
4187,spoke
4188,spool
4189,sport
4190,sports
4191,spot
4192,spread
4193,spring
4194,sq
4195,square
4196,sr
4197,srv
4198,ss
4199,ssd
4200,st
4201,stable
4202,staff
4203,stage
4204,stand
4205,standard
4206,standards
4207,standing
4208,stands
4209,stanford
4210,stanley
4211,star
4212,stars
4213,start
4214,started
4215,starting
4216,starts
4217,startup
4218,stat
4219,state
4220,stated
4221,statement
4222,statements
4223,states
4224,stating
4225,station
4226,stations
4227,statistics
4228,stats
4229,status
4230,stay
4231,std
4232,stealth
4233,steering
4234,stein
4235,step
4236,stephanopoulos
4237,stephen
4238,steps
4239,stereo
4240,sternlight
4241,steve
4242,steven
4243,stick
4244,still
4245,stl
4246,stock
4247,stolen
4248,stone
4249,stood
4250,stop
4251,stopped
4252,storage
4253,store
4254,stored
4255,stories
4256,storm
4257,story
4258,straight
4259,strange
4260,strategy
4261,stratus
4262,stream
4263,street
4264,strength
4265,strictly
4266,strike
4267,string
4268,strip
4269,strnlght
4270,strong
4271,stronger
4272,strongly
4273,structure
4274,struggle
4275,stuck
4276,student
4277,students
4278,studies
4279,study
4280,stuff
4281,stupid
4282,stupidity
4283,style
4284,su
4285,sub
4286,subject
4287,subjective
4288,submit
4289,subscribe
4290,substance
4291,substantial
4292,success
4293,successful
4294,such
4295,suddenly
4296,suffer
4297,suffered
4298,suffering
4299,sufficient
4300,suggest
4301,suggested
4302,suggestion
4303,suggestions
4304,suggests
4305,suicide
4306,suit
4307,suitable
4308,suite
4309,sumgait
4310,summary
4311,summer
4312,sun
4313,sun4nl
4314,sunday
4315,sunic
4316,sunos
4317,super
4318,superior
4319,supply
4320,support
4321,supported
4322,supporting
4323,supports
4324,suppose
4325,supposed
4326,supposedly
4327,supreme
4328,sura
4329,sure
4330,surely
4331,surface
4332,surgery
4333,surprise
4334,surprised
4335,surrender
4336,survey
4337,survive
4338,suspect
4339,svga
4340,svr4
4341,sw
4342,swap
4343,sweden
4344,switch
4345,switches
4346,switching
4347,switzerland
4348,swrinde
4349,symptoms
4350,syndrome
4351,syria
4352,sys
4353,system
4354,systems
4355,t7
4356,table
4357,take
4358,taken
4359,takes
4360,taking
4361,talk
4362,talked
4363,talking
4364,talks
4365,tamsun
4366,tamu
4367,tank
4368,tanks
4369,tap
4370,tape
4371,tapes
4372,tar
4373,target
4374,task
4375,taste
4376,taught
4377,taurus
4378,tax
4379,taxes
4380,taylor
4381,tb
4382,tc
4383,tcp
4384,te
4385,teach
4386,teacher
4387,teaching
4388,teachings
4389,team
4390,teams
4391,tear
4392,tech
4393,technical
4394,technique
4395,techniques
4396,technologies
4397,technology
4398,ted
4399,tek
4400,tel
4401,telephone
4402,telescope
4403,television
4404,tell
4405,telling
4406,tells
4407,telnet
4408,temperature
4409,temple
4410,temporary
4411,ten
4412,tend
4413,tends
4414,term
4415,terminal
4416,terms
4417,terrible
4418,territories
4419,territory
4420,terrorism
4421,terrorist
4422,terrorists
4423,terry
4424,test
4425,testament
4426,tested
4427,testimony
4428,testing
4429,tests
4430,texas
4431,text
4432,texts
4433,th
4434,than
4435,thank
4436,thanks
4437,thanx
4438,that
4439,the
4440,thee
4441,their
4442,theism
4443,theists
4444,them
4445,themselves
4446,then
4447,theology
4448,theories
4449,theory
4450,there
4451,therefore
4452,thermal
4453,these
4454,they
4455,thing
4456,things
4457,think
4458,thinking
4459,thinks
4460,third
4461,this
4462,thomas
4463,thor
4464,those
4465,thou
4466,though
4467,thought
4468,thoughts
4469,thousand
4470,thousands
4471,thread
4472,threat
4473,three
4474,threw
4475,through
4476,throughout
4477,throw
4478,throwing
4479,thrown
4480,thru
4481,thunder
4482,thursday
4483,thus
4484,thy
4485,ti
4486,ticket
4487,tickets
4488,tie
4489,tied
4490,tiff
4491,tilde
4492,till
4493,tim
4494,time
4495,times
4496,timing
4497,timothy
4498,tiny
4499,tire
4500,tired
4501,tires
4502,titan
4503,title
4504,tl
4505,tm
4506,tn
4507,to
4508,tobacco
4509,today
4510,todd
4511,together
4512,told
4513,tom
4514,tommy
4515,tomorrow
4516,tone
4517,tonight
4518,tony
4519,too
4520,took
4521,tool
4522,toolkit
4523,tools
4524,top
4525,topic
4526,topics
4527,tor
4528,torn
4529,toronto
4530,total
4531,totally
4532,touch
4533,tough
4534,toward
4535,towards
4536,tower
4537,town
4538,toyota
4539,tq
4540,trace
4541,track
4542,trade
4543,traded
4544,tradition
4545,traditional
4546,traffic
4547,tragedy
4548,train
4549,training
4550,transfer
4551,translation
4552,transmission
4553,travel
4554,treat
4555,treated
4556,treatment
4557,tree
4558,trial
4559,trick
4560,tried
4561,tries
4562,trip
4563,troops
4564,trouble
4565,truck
4566,true
4567,truly
4568,trust
4569,truth
4570,trw
4571,try
4572,trying
4573,tt
4574,tu
4575,tube
4576,tue
4577,tuesday
4578,turbo
4579,turkey
4580,turkish
4581,turks
4582,turn
4583,turned
4584,turning
4585,turns
4586,tv
4587,tw
4588,twenty
4589,twice
4590,two
4591,tx
4592,type
4593,types
4594,typical
4595,typically
4596,typing
4597,ualberta
4598,ub
4599,ubc
4600,uc
4601,ucc
4602,ucdavis
4603,uchicago
4604,uchinews
4605,uci
4606,ucla
4607,ucs
4608,ucsc
4609,ucsd
4610,ucsu
4611,udel
4612,ufl
4613,uga
4614,uh
4615,uic
4616,uicvm
4617,uio
4618,uiowa
4619,uiuc
4620,uk
4621,uka
4622,ukma
4623,uknet
4624,ulowell
4625,ultb
4626,ultimate
4627,ultra
4628,ulysses
4629,um
4630,umanitoba
4631,umass
4632,umd
4633,umich
4634,umn
4635,un
4636,unable
4637,unc
4638,und
4639,under
4640,understand
4641,understanding
4642,understood
4643,unfortunately
4644,uni
4645,union
4646,unique
4647,unit
4648,united
4649,units
4650,univ
4651,universal
4652,universe
4653,university
4654,unix
4655,unixg
4656,unknown
4657,unless
4658,unlike
4659,unlikely
4660,unm
4661,until
4662,unto
4663,unusual
4664,uoknor
4665,uoregon
4666,up
4667,update
4668,updated
4669,upenn
4670,upgrade
4671,upon
4672,upper
4673,uq
4674,urartu
4675,ursa
4676,us
4677,usa
4678,usage
4679,usc
4680,use
4681,used
4682,useful
4683,useless
4684,usenet
4685,user
4686,users
4687,uses
4688,using
4689,usl
4690,usr
4691,usual
4692,usually
4693,ut
4694,utah
4695,utcsri
4696,utexas
4697,utilities
4698,utility
4699,utk
4700,utnut
4701,utoronto
4702,utzoo
4703,uu
4704,uucp
4705,uug
4706,uunet
4707,uvaarpa
4708,uvic
4709,uw
4710,uwaterloo
4711,uwm
4712,uwo
4713,ux1
4714,uxa
4715,uy
4716,v2
4717,v6
4718,va
4719,valid
4720,valley
4721,valuable
4722,value
4723,values
4724,valve
4725,van
4726,vancouver
4727,variable
4728,variety
4729,various
4730,vary
4731,vast
4732,vax
4733,ve
4734,veal
4735,vehicle
4736,vehicles
4737,vela
4738,velocity
4739,vendor
4740,vendors
4741,venus
4742,verse
4743,verses
4744,version
4745,versions
4746,vertical
4747,very
4748,vesa
4749,vga
4750,vi
4751,via
4752,vice
4753,victim
4754,victims
4755,victory
4756,video
4757,view
4758,viewer
4759,viewers
4760,viewing
4761,views
4762,viking
4763,village
4764,villages
4765,violation
4766,violence
4767,violent
4768,virginia
4769,virtual
4770,virtually
4771,virus
4772,visible
4773,vision
4774,visit
4775,visitors
4776,visual
4777,visualization
4778,vitamin
4779,vlb
4780,vm
4781,vms
4782,vnet
4783,voice
4784,void
4785,vol
4786,voltage
4787,volume
4788,vote
4789,votes
4790,vram
4791,vs
4792,vt
4793,vw
4794,w0
4795,w1
4796,w7
4797,wa
4798,waco
4799,waikato
4800,wait
4801,waiting
4802,walk
4803,walker
4804,wall
4805,walter
4806,wam
4807,want
4808,wanted
4809,wants
4810,war
4811,warm
4812,warning
4813,warrant
4814,warranty
4815,warren
4816,wars
4817,warwick
4818,was
4819,washington
4820,wasn
4821,waste
4822,watch
4823,watched
4824,watching
4825,water
4826,watserv2
4827,watson
4828,wave
4829,way
4830,wayne
4831,ways
4832,we
4833,weak
4834,weapon
4835,weapons
4836,wear
4837,wearing
4838,weather
4839,weaver
4840,wednesday
4841,week
4842,weekend
4843,weeks
4844,weight
4845,weird
4846,welcome
4847,well
4848,went
4849,were
4850,weren
4851,wesleyan
4852,west
4853,western
4854,wetware
4855,what
4856,whatever
4857,wheel
4858,wheels
4859,when
4860,whenever
4861,where
4862,whereas
4863,whether
4864,which
4865,while
4866,white
4867,who
4868,whoever
4869,whole
4870,whom
4871,whose
4872,why
4873,wide
4874,widely
4875,widget
4876,widgets
4877,width
4878,wife
4879,wild
4880,will
4881,william
4882,williams
4883,willing
4884,wilson
4885,win
4886,wind
4887,window
4888,windows
4889,wing
4890,wings
4891,winken
4892,winner
4893,winners
4894,winning
4895,winnipeg
4896,wins
4897,winter
4898,wire
4899,wires
4900,wiretap
4901,wiring
4902,wisc
4903,wisdom
4904,wise
4905,wish
4906,with
4907,within
4908,without
4909,witness
4910,witnesses
4911,wm
4912,wolverine
4913,woman
4914,women
4915,won
4916,wonder
4917,wonderful
4918,wondering
4919,wood
4920,word
4921,words
4922,work
4923,worked
4924,workers
4925,working
4926,works
4927,workstation
4928,workstations
4929,world
4930,worried
4931,worry
4932,worse
4933,worship
4934,worst
4935,worth
4936,would
4937,wouldn
4938,wounded
4939,wpd
4940,wpi
4941,wright
4942,write
4943,writer
4944,writes
4945,writing
4946,writings
4947,written
4948,wrong
4949,wrote
4950,wt
4951,wuarchive
4952,wupost
4953,wustl
4954,ww
4955,x11
4956,x11r4
4957,x11r5
4958,x6
4959,xdm
4960,xfree86
4961,xlib
4962,xm
4963,xmu
4964,xref
4965,xt
4966,xterm
4967,xv
4968,xview
4969,ya
4970,yale
4971,ye
4972,yeah
4973,year
4974,years
4975,yes
4976,yesterday
4977,yet
4978,york
4979,yorku
4980,you
4981,young
4982,your
4983,yours
4984,yourself
4985,ysu
4986,yugoslavia
4987,yuma
4988,z5
4989,za
4990,zaphod
4991,zealand
4992,zero
4993,zeus
4994,zionist
4995,zip
4996,zone
4997,zoo
4998,zuma
4999,zv
